sentence1,sentence2
"억제 돌연변이 중 NAFM733은 0.1mg/ml로 γPGA를 생성했는데, 이는 다른 억제 돌연변이에 의해 생성된 양보다 낮았다.","응답자의 일상 활동 뿐만 아니라 사회경제적, 개체군통계학적, 직업적 특성에 초점을 둔 면담을 통해 데이터를 수집하였다."
"총 알칼리도, 총 암모늄, tVFA와 pH의 농도는 모넨신 사료를 투여한 젖소의 거름에서 변화했다.","슬라이드를 1,200rpm에서 5분 동안 원심분리하여 건조하고 준비가 될 때까지 어두운 곳에 보관했다."
미생물학적 위험은 제조되는 치즈의 구체적인 특성에 따라 다르다.,축적된 증거는 장내 미생물 군집이 간암 발병에 중요한 역할을 한다는 것을 나타낸다.
갓 채집한 결절을 사용하여 AAA가 설명한 대로 박테로이드를 분리하고 폴리아크릴아마이드 겔 전기 영동법 분석을 위해 단백질을 추출했다.,동물은 BBB의 동물 보호 시설에 있는 마이크로아이솔레이터의 층류 랙에 수용되었다.
AAA는 IMS가 소 배설물에서 O157 VTEC의 검출에 대해 직접 배양보다 4배 더 민감하다는 것을 보여주었다.,2007년과 2008년 동안 A 지역의 다양한 고도를 포함하여 선택 지역 A와 C에 걸쳐서 각 샘플링 지점에서 6개의 개별 샘플을 수집했다.
티라민의 존재 하에 성장한 돌연변이체의 세포는 배양 배지에서 4HPAA를 축적했다.,온도나 pH의 급격한 변화와 같은 불리한 환경 조건에서 영양체는 이중벽의 둥근 포낭으로 변한다.
"사이퍼메트린 배설 속도의 비교는 주로 유충의 경우 24시간, 성충의 경우 48시간에 이루어졌다.",클론 유형 D 및 O는 농장 탱크 우유와 낙농 저장고에서 발견되었다.
연구 1에서 HD와 비교 이웃 간의 것과 유사한 비교를 생성하기 위해 사분위수가 사용되었다.,바이러스-유사 입자를 함유하는 무세포 상청액을 형질감염 24시간 후에 수거하고 원심분리로 농축했으며 선형 20부터 60% 수크로스 밀도 구배로 분석하였다.
pH 7.4와 NaHCO3의 존재 상태에서서 모유와 소 초유는 대장균 0111의 성장을 억제했다.,정규화된 표준 편차는 표 15.2에 표시된 변동 계수와 같습니다.
"임계 단백질 농도에 도달한 후, SrtA가 InlA 혹은 InlJ와 같은 LPXTG 단백질이 분비되고, 분열 부위에서 파생된 새로 형성된 극에서 SrtA가 그런 단백질을 지질 II에 고정시킨다.",35C에서 더 많은 수와 더 빠른 성장을 관찰하였다.
"모세관 전압은 포지티브 및 네거티브 모드 모두에서 4,000V였다.",혈장 중 E1210의 농도는 FFF를 사용하는 내부 표준 방법으로 결정하였다.
높은 카드뮴 농도에서 CadCSt 단백질에 대한 카드뮴의 결합은 CadCSt 단백질의 구조적 변화를 일으키는 것으로 제안되어 DNA 결합 특성을 방해한다.,"리스테리아 모노키토게네스 돌연변이는 메세테로신 52, 쿠르바티신 13, 플란타리신에 내성을 보였고, 다른 박테리오신에도 교차 내성을 보였다."
10M NaOH로 pH 7.0으로 완충된 2% 글루코스가 보충된 FFF를 배지로 사용하였다.,"용해물을 1부피의 SE-포화 페놀로 3회, 클로로포름-이소아밀 알코올로 2회 추출하였다."
"12,100g에서 원심분리한 후 수성상의 RNA를 멸균 튜브로 옮기고 1부피의 이소프로판올을 첨가하였다.",다른 아세트산 박테리아에서 IS1380의 분포를 조사하기 위해 1S1380의 1.1 kb BglII-EcoRI 단편을 프로브로 사용하여 여러 아세트산 박테리아에서 PstI로 소화된 전체 DNA에 대한 서던 블롯 분석을 수행했다.
조절 소단위는 IKK-γ 또는 NF-κB 필수 조절자라고 한다.,"항생제 내성은 인간과 동물의 건강뿐만 아니라 식량 공급, 축산업, 경제에도 심각한 영향을 미치며 점점 더 위협이 되고 있다."
"BBB는 남서 앨라배마, 미시시피, 루이지애나에서 위협 대상으로 지정했다.","그 다음 배양액을 0.6ml의 필터 멸균 공기로 수정하고 NO3-, NO2- 및 N2O 농도를 모니터링했다."
가장 낮은 균일도와 가장 높은 존재비 곡선은 두 개의 전통적으로 벌목된 지역과 각 경우에 곡선이 거의 겹쳐지는 영향이 감소된 벌목된 숲과 주요 강변 서식지 사이의 종 분포 유사성을 명확하게 보여준다.,개발된 방법은 스파이크 즉석 식품 샘플을 사용하여 검증하였다.
"성숙한 α-아밀라아제, 세포외 아밀라아제는 pAT9를 함유하는 바실러스 스테아로테르모필루스 AN174의 5'에 가까운 염기서열 및 배양액으로부터 다음과 같이 정제했다.",클로스트리듐 헤르비보란스는 24시간 후에 3마리의 젖소 중 한 마리에서만 확인되었으며 72시간에는 검출되지 않았다.
"보호 백분율은 100/ko로 정의하였으며, 여기서 ko 및 kB는 각각 주어진 B12 농도의 부재 및 존재 하에서 세포에 대한 BF23의 흡착에 대한 겉보기 유사 1차 속도 상수이다.",sIL6R과 IL-6의 동시형질감염도 HBV 복제를 억제했지만 Huh7 세포에서 sIL6R 단독만큼 효과적이지는 않았다.
증례요약 : 17세 중성화된 수컷 유러피언 쇼트헤어 고양이가 뛸 수 없고 협착증으로 내원하였다.,겐타마이신과 카나마이신의 MIC는 QAC 살생물제 염화벤잘코늄에 적응시킨 후 L. 모노키토게네스에 대해 증가하였다.
본 연구의 실험 조건에서 p-쿠마린산과 커피산의 항균 활성은 균주나 종에 의존하지 않았다.,이러한 SPI가 없는 균주는 척추 동물 모델에서 독성이 있다.
"사람의 치과용 카리에의 발달에서 식이성 수크로오스와 무탄 연쇄상구균, 특히 연쇄상구균의 역할은 잘 알려져 있다.",면역 혈청은 부스팅 후 2주째에 마우스로부터 수집되었습니다.
2005~2008년 사이에 수확한 쌀 50만t을 저장고에 넣어 2011년 말까지 저렴하게 판매해 주류 등 식품을 만들 예정이다.,치즈에서 추출된 O91:H21은 63.7%의 유사성으로 두 번째 군집과 먼 관련성이 있었다.
다른 모든 샘플은 멸균 FFF 마개 백으로 운송되었다.,MPMC 교육 프로그램의 추진 동기는 대부분 우유 생산량을 늘리는 것이다.
"젖산 0.1% 뿐 아니라, 아세트산, 시트르산, 나트륨 프로피온산염 또는 칼륨 소르베이트를 최대 0.5% 함유한 용액은 그린 아스파라거스에 주입된 리스테리아 모노사이토게네스의 생존 및 추가 증식에 영향을 미치지 않은 반면, 락트산나트륨은 제한적인 효과가 있었다.",녹농균에서 SouR을 특히 제외하고 많은 GATR N 말단은 또한 GATase 1 계열 효소의 기능적 촉매 트라이어드의 일부가 될 생물정보학적으로 확인된 시스테인 잔기를 보유합니다.
시험관 내 민감도 테스트는 임상표준연구소 문서 M38-A2를 기반으로 3회 수행되었다.,"혈청학적 연구에 따르면, 무증상 감염은 인간에게서 발견된 13개의 알려져 있는 폴리오마바이러스 중 12개에서 발생한다."
"일반적으로 동일한 Box-PCR 지문 패턴을 가진 stx2, eaeA 및 hlyA 유전자에 대해 양성인 모든 분리주는 동일한 개별 숙주 동물에서 얻었다.",10 에리오고눔 속의 개화기. 이 연구에서 이른 봄부터 가을까지 다양한 종을 심고 장기간 개화할 수 있는 기회를 제공한다.
"이러한 이동 시간과 거리의 증가는 APHIS가 28시간 규칙과 같은 운송 규정을 효과적으로 구현하고 말에 충분한 음식, 물, 휴식 및 공간을 보장하는 것을 훨씬 더 어렵게 만든다.","리프트 밸리 열은 인간과 동물, 주로 가축을 감염시키는 모기에 의해 전염되는 절지동물 매개 바이러스성 질병이다."
첨가된 뉴클레오타이드는 시작 코돈 직후에 글리신 코돈을 만들었다.,"처리 간의 차이, 즉 물리화학적 파라미터, 유리 염소 또는 박테리아 종의 영향은 분산분석으로 측정되었다."
FAO와 WHO는 우려되는 다른 식인성 병원체를 식별하기 위해 향신료 및 말린 아로마 허브와 관련된 미생물학적 위험에 대한 데이터 요청을 확대해야 한다고 제안했습니다.,대부분의 정책은 놀라움을 위해 설계되지 않았기 때문에 피드백을 활용하면 정책 문제가 발생한다.
2시간 시점까지 세포는 한 세대를 거치지 않았습니다.,"오히려 해당 관할 구역의 알코올 관리 위원회에서 부여한 ""원주민 가정 양조장"" 허가로 표시하는 것이 가장 좋다."
중화 분석에서는 위에서 설명한 대로 설정되었지만 붉은털 원숭이 혈청 대신 sCD4의 2배 희석액이 추가되었다.,같은 소문자 뒤에 같은 행에 있는 값은 크게 다르지 않다.
"태그 연도는 각 열 위에 표시되며, 코드 번호가 P 또는 E로 시작하는 인장은 1999년에 1년이 되었다.",매끄럽거나 거친 성분을 포함한 섭틸린의 포자 정지 작용 증거는 발견하지 못했다.
플레이트를 흄 후드에서 건조시킨 다음 에탄올 중 20% 황산을 균일하게 분무하여 현상했다.,섭식 단계의 상대적 생체이용률은 각 대상의 비율을 계산한 후 단일 및 다중 용량 단계 모두에 대해 평균 섭식 AUC/평균 금식 AUC를 계산해 측정했다.
"내포물 내의 결정은 약 134, 128, 58, 70 및 27 kDa의 적어도 5개의 폴리펩티드로 구성되거나 이를 함유하며, 이들의 크기와 항원성은 바실러스 스파에니쿠스의 독소와 명확하게 구별된다.","하이그러필러 링언즈, 영능향속 및 시오이데스의 잎 EO는 각각 62.92, 75.05 및 51.65l liter1의 LC50으로 유사한 농도에서 코나그리온과 유충에 대한 활성을 보였고 이것이 가장 유망한 치료법으로 간주되었다."
"다른 약제로 선택된 MDR 돌연변이체는 보통 클로람페니콜 및 플루오로퀴놀론에만 내성을 나타냈지만, 2개의 MDR 균주도 에리트로마이신에 내성이고 아미노글리코시드에 과민성이었다.","이러한 결과는 표면이 GAC 입자, 금속 쿠폰 또는 유리 현미경 슬라이드인 경우에도 일관되었다."
이러한 균주의 유사성은 공통 출처를 암시하지만 몇 가지 주목할만한 차이점이 있다.,그들은 그람양성 유기체보다 덜 자주 나타났다.
"FFF는 xpc, 새로운 발효 대사 산물 및 폴리페놀을 포함한 추가적인 적절한 항산화제에서 발견되는 것을 포함하는 향상된 생리 활성 화합물을 제공함으로써 다르게 기능한다는 점에서 xpc와 다르다.",이러한 사례와 기타 몇 가지 사례는 해충을 자연적으로 통제함으로써 작물 생산 시스템의 수확량과 회복력을 향상시키고 안정화시킬 수 있음을 보여줍니다.
"특히, 세포내 칼슘 킬레이트제 BAPTA-AM[1,2-bisethane-N,N,N',N'-tetra초산 tetrakis]은 뮤신의 분비를 억제하였다.",외막 폴리펩타이드의 SDS-PAGE 겔 분석은 이전에 기술된 바와 같이 8-20% 폴리아크릴아미드 구배 겔에서 수행되었습니다.
다클론 토끼 항-캄필로박터 항체는 캄필로박터 제주니의 면역자기 포획을 위해 개발됐다.,구성 잔탄검은 D-글루쿠론산 및 피루브산과 함께 D-포도당 및 D-만노오스를 도미트 6탄당 단위로 함유하는 초고분자량 다당류 검이다.
마우스 연구는 Brpt1.0 단백질 면역화가 임플란트 기반 S. 에피더미디스 감염으로부터 C57BL/6J 마우스를 성공적으로 보호한다는 증거를 추가로 보여주었다.,세심한 주의가 필요한 몇 가지 과제가 있다.
"샘플은 각각 0.7, 3, 10mg의 포자에 해당한다.",여러 국가의 정부는 강력한 국가 식품 산업이 식량 안보뿐만 아니라 경제 성장에 얼마나 크게 기여할 수 있는지 파악했다.
잡식성 식단의 함량은 2일 식단 기록과 핀란드 분석 데이터를 이용한 전산화 식단 분석 프로그램인 UNIDAP를 사용하여 계산하였다.,"세척된 세포에 의한 수소원 진화, 스페로플라스트 및 용해된 세포, 리소자임 1을 준비했다."
성장 배지에 콜린을 첨가한 직후 콜린의 베타인으로의 이동 및 전환이 시작되었다.,Mate-죽이는은 R 바디가 없는 카파와 매우 흡사한 mu 때문이다.
트랙터에 장착된 압축 공기 도표 분무기로 38cm 간격으로 8003개의 평면 팬 노즐 팁을 사용하여 172kPa에서 187L/ha를 전달하는 제초제를 살포했다.,로마 숫자는 각 그룹의 흰개미의 서열로 구성된 군집을 나타낸다.
우리의 결과는 프로파지 유도 자극 또는 낮은 철분에 대한 반응이 시가 독소 생성 대장균의 하위 그룹이 인간에게 심각한 질병을 일으키는 능력에 기여한다는 것을 시사한다.,HMGCR에 대한 MARCH6의 효과는 이소성 시스템에만 국한되지 않았다.
야생형 균주로 챌린지된 8마리의 동물은 1.02 x 105 박테리아/g의 평균 박테리아 부하로 집락화되었다.,"대조적으로, ino1- 세포의 이노시톨 고갈은 세포 속도를 유의하게 감소시킨 반면, Ino1 결손에 대해서도 관찰된 형태의 손실은 유지되고 증가된 지속성을 촉발시켰다."
이 연구의 목적은 한천 플레이트에서 얻은 다양한 LAB 분리주 중에서 독점적으로 L-젖산을 생산하는 집락을 직접 검출할 수 있는 방법을 개발하는 것이다.,경관 규모에서 반자연 서식지를 보호하면 이러한 경관 요소에서 작물로 수분 매개체가 확산되는 것을 촉진할 수 있습니다.
단일 균주에 대한 성장 곡선을 생성하기 위해 하룻밤 배양체를 약 105CFU·ml-1로 희석하고 100웰 폴리스티렌 마이크로웰 플레이트에 250μl의 부피로 접종했다.,육우에서 CRB의 유병률은 두 농장 모두에서 42.6%였다.
이것은 특히 RPOS 돌연변이의 적응이 LBG가 아닌 BHIG에서 이루어졌을 때 명백했다.,1 mg/ml 카페인에서 환경적 및 임상적 로도토룰라 무칠라기노사 균주의 우수한 성장은 로도토룰라 무칠라기노사와 크립토코커스 네오포르만스 사이의 잠재적인 신호전달 차이를 시사한다.
셀레늄 및 Se 의존성 효소는 뇌 기능의 중요한 조절자이다.,수정된 응답은 특정 용도를 제한하지만 다른 용도는 계속 허용한다.
무세포 배양액과 세척된 세포 현탁액을 각각 B-아밀라아제 및 기타 아밀로분해 효소 활성을 측정하는 데 사용했다.,"유인, 딜, 회향, 메밀은 유기농 케일 품종 '라시나토'와 '바테스'의 0.4ha 밭에 심었다."
유전 분석 결과 북미 변종 슈도짐노아스쿠스 데스트럭탄스가 단일 교배 유형을 갖는 단일 클론임을 확인했다.,생물학적 아민은 단실 유도체의 역상 액체 크로마토그래피에 의해 여과된 상청액에서 분석하였다.
따라서 실린더화된 가스 혼합물은 훈증 지속 시간이 유사하고 포장된 정제가 훈증제 취급 및 분배를 용이하게 하기 때문에 정제에 대한 적절한 대체품이 아니다.,컬럼을 단계적으로 먼저 0.03M 인산나트륨 완충액(pH 6.0)으로 용리한 다음 0.045M 인산나트륨 완충액(pH 6.2)으로 용리했다.
"현재까지 9개의 별개의 van 유전자 군집이 분류되었으며 인간 VRE 감염의 대부분은 vanA 및 vanB 유전자 매개 내성을 보유하는 장내구균 및 엔테로코커스 패칼리스 분리주에 기인하며, 반코마이신과 테이코플라닌 둘 다.",YM-53601은 콜레스테롤과 콜레스테롤 에스테르의 새로운 합성을 억제한다.
유산균 종은 식품 산업 및 프로바이오틱스에서 안전한 적용에 대한 강력한 기록을 가지고 있으며 금속을 결합하고 격리하는 능력이 있다.,표 2에서 볼 수 있듯이 거의 완전한 BalI 소화에는 그림 2에 표시된 조각 순서와 가장 일치하는 크기의 조각이 포함되어 있다.
"다양한 조치가 취해졌으며, 예를 들어, PPE 보관 및 착용을 위한 지정 구역은 태아 운동실 외부에 할당되었으며 학생들에게 PPE 사용에 대한 자세한 지침을 제공했다.",2단계 농축 절차에 따라 각 농축에서 팔캄 한천(BBB)의 5개 집락을 무작위로 선택했다.
2차 생물학적 처리는 1차 처리 공정에서 제거되지 않은 용존 유기물 제거를 돕는 활성 슬러지 공정이다.,"세포에서 회수한 K2-0 대 K2-5의 비율은 1.6 대 1이었는데, 이는 혼입이 대부분 K2-0임을 나타낸다."
펙틴은 아마도 효소 제제에 존재하는 단백질의 응집을 방지함으로써 열안정성을 감소시키는 것으로 나타났다.,"감염된 귀에서 눈에 띄게 성형된 낟알을 제거하고 65°C에서 2일 동안 건조시킨 다음, 저속으로 설정된 블렌더에서 45초 동안 건조 절단하였다."
"따라서, 비오틴의 수송은 세포내 비오틴 공급을 위한 제한 단계일 수 있다.",기후 변화는 또한 해충과 질병의 변화를 통해 식량 생산과 물 수요에 간접적인 영향을 미칠 것이다.
